"Restaurant","Country","City","Price","Rating"
"Circus","India","New Delhi",3,"Very Good"
"Shahenshah","India","Noida",2,"Average"
"Pishori Chicken","India","New Delhi",2,"Average"
"Keventers","India","Noida",1,"Average"
"Green Chick Chop","India","New Delhi",1,"Average"
"Wok On Fire","India","Vadodara",3,"Good"
"Saffron Mantra","India","Secunderabad",2,"Very Good"
"Hungry Minister","India","Noida",1,"Good"
"Admission Lounge","India","New Delhi",4,"Average"
"Sadda Taste","India","Noida",1,"Average"
"Zest Bar and Lounge","India","Noida",3,"Average"
"Tiwari Hot Pot","India","Noida",1,"Average"
"Bromfy Public House","India","New Delhi",3,"Average"
"Chinese Express","India","New Delhi",2,"Average"
"Yellow Brick Road - Taj Vivanta","India","New Delhi",4,"Good"
"Da Pizza Bakers","India","New Delhi",2,"Average"
"Fit Bites","India","Noida",2,"Good"
"The Last Mughal (TLM)","India","New Delhi",2,"Very Good"
"Effingut Brewerkz","India","Pune",4,"Very Good"
"IndoCheen","India","New Delhi",2,"Average"
"Sumit Sweets","India","New Delhi",1,"Average"
"Pizzalicious","India","New Delhi",1,"Average"
"Cafe Coffee Day","India","New Delhi",1,"Average"
"Cafe 121","India","New Delhi",2,"Good"
"Club India Cafe & Restaurant","India","New Delhi",2,"Average"
"New Laziz","India","New Delhi",2,"Average"
"Nostalgia at 1911 Brasserie - The Imperial","India","New Delhi",4,"Average"
"Handi","India","Noida",2,"Average"
"Chinese Chilli Seasonal","India","Noida",1,"Average"
"Prem Punjab","India","New Delhi",1,"Average"
"Sai Juice Point","India","New Delhi",1,"Average"
"Barista","India","Noida",2,"Average"
"Aayush Food Plaza","India","New Delhi",1,"Average"
"24/7 Restaurant - The Lalit New Delhi","India","New Delhi",4,"Good"
"Costa Coffee","India","New Delhi",2,"Average"
"Chik Chow","India","New Delhi",2,"Average"
"Snack Chat","India","Noida",2,"Average"
"Nature Hut Cafe","India","New Delhi",2,"Good"
"Sautí©ed Stories","India","Pune",2,"Very Good"
"#Urban Cafí©","India","Noida",2,"Average"
"The Food Truck Cafe","India","New Delhi",2,"Good"
"Lapaalap","India","Noida",1,"Average"
"Boom Food","India","New Delhi",3,"Good"
"KFC","India","Noida",2,"Average"
"CafíÂ Befikre","India","New Delhi",2,"Good"
"Mekong - Hotel GreenPark","India","Vizag",3,"Very Good"
"Papa Buns","India","New Delhi",1,"Good"
"Little Italy","India","Vadodara",3,"Very Good"
"Domino's Pizza","India","Noida",2,"Average"
"Desi Spice","India","Noida",2,"Average"
"The Crust","India","New Delhi",2,"Average"
"DND","India","Noida",1,"Good"
"Domino's Pizza","India","Noida",2,"Average"
"Miam","India","New Delhi",2,"Good"
"Hungry Ullu","India","Noida",2,"Average"
"Bikanervala","India","New Delhi",2,"Average"
"White Heart Restro Bar","India","New Delhi",3,"Average"
"PK Shoppe","India","New Delhi",1,"Average"
"Chaayos","India","Noida",1,"Average"
"Super Cake Shop","India","Noida",1,"Average"
"34, Chowringhee Lane","India","New Delhi",1,"Average"
"Kuppies","India","Noida",1,"Good"
"Baskin Robbins","India","New Delhi",1,"Good"
"Uncle's Punjabi Rasoi","India","Noida",1,"Average"
"Pizza Break","India","New Delhi",2,"Average"
"Chaska","India","New Delhi",1,"Average"
"Behrouz Biryani","India","New Delhi",2,"Good"
"Hari Om Restaurant","India","Noida",1,"Average"
"Sagar Ratna","India","Noida",2,"Average"
"Wheelyz","India","New Delhi",2,"Average"
"Le Petit Cafe - The Lalit New Delhi","India","New Delhi",3,"Average"
"Hot Spot Roll Corner","India","New Delhi",1,"Average"
"Yo! China","India","Noida",3,"Average"
"Lajwaab Restaurant","India","Noida",2,"Average"
"Level 5 - Terrace Restro & Cafe","India","Surat",3,"Good"
"The Chai Story","India","New Delhi",1,"Good"
"Spicy Duck - Taj Palace Hotel","India","New Delhi",4,"Good"
"Madan Da Dhaba","India","New Delhi",1,"Average"
"Pizza Hut","India","Vadodara",2,"Very Good"
"Sita Ram Diwan Chand","India","New Delhi",1,"Very Good"
"El Amigos Kitchen","India","Vadodara",3,"Good"
"Frontier","India","New Delhi",1,"Average"
"Zuka Choco-la","India","Puducherry",2,"Very Good"
"Frontier - The Ashok","India","New Delhi",4,"Good"
"SFC","India","New Delhi",1,"Average"
"Chawla Kitchen","India","New Delhi",2,"Average"
"The Mad Teapot/The Wishing Chair","India","New Delhi",3,"Very Good"
"New Woks","India","Noida",2,"Average"
"The Staircase Cafe by Doggy Style","India","New Delhi",2,"Average"
"Jamavar - The Leela Palace","India","New Delhi",4,"Good"
"Priya Panchvati","India","New Delhi",2,"Average"
"Green Chick Chop","India","New Delhi",1,"Average"
"Subway","India","Noida",2,"Average"
"Cafe-18","India","Noida",1,"Average"
"Virundu","India","Noida",1,"Average"
"Global Local","India","Surat",4,"Average"
"Peshawari's Deluxe","India","New Delhi",2,"Good"
"Pindi","India","New Delhi",3,"Good"
"Villa Shanti","India","Puducherry",4,"Good"
"Aapka Bhojanalaya","India","New Delhi",1,"Average"
"Janta Sweets","India","New Delhi",1,"Average"
"Believe in Taste","India","New Delhi",1,"Average"
"The Fashion Street Cafí©","India","New Delhi",2,"Average"
"RollsKing","India","Noida",1,"Very Good"
"Hangchuaa's Chinese Food Corner","India","New Delhi",2,"Average"
"Thikaana","India","New Delhi",2,"Good"
"Wrapster","India","Noida",1,"Average"
"VarieTea","India","Vadodara",2,"Good"
"Cafe Rasoi","India","New Delhi",1,"Average"
"Standard Ice Cream","India","New Delhi",1,"Good"
"The Pasta Bar Veneto","India","Puducherry",3,"Good"
"Radha Swami Cool Hut","India","New Delhi",1,"Average"
"Code","India","New Delhi",2,"Average"
"The Coffee Garage","India","New Delhi",2,"Average"
"Shake Eat Up","India","New Delhi",1,"Good"
"Blue Lassi","India","Varanasi",2,"Good"
"Mad Over Donuts","India","Noida",1,"Very Good"
"TukTuk","India","New Delhi",3,"Good"
"Gopala","India","New Delhi",1,"Average"
"Woks - The Lalit New Delhi","India","New Delhi",4,"Good"
"McDonald's","India","Noida",2,"Good"
"North East Castle","India","New Delhi",2,"Average"
"Pizza Hut Delivery","India","New Delhi",2,"Good"
"Subway","India","Noida",2,"Average"
"Shalimar Vyanjan","India","New Delhi",1,"Average"
"Soya Grill","India","New Delhi",1,"Average"
"Cafe Coffee Day","India","New Delhi",1,"Average"
"F-all (Food for All)","India","Noida",1,"Average"
"Mr Toasties","India","Vadodara",1,"Good"
"Madras Dosa & Chinese","India","New Delhi",2,"Average"
"The FLIP Cafe","India","Noida",2,"Average"
"Vinayak Restaurant","India","New Delhi",1,"Average"
"Frontier Restaurant","India","New Delhi",2,"Average"
"BTW","India","New Delhi",1,"Good"
"Flavors Of London","India","New Delhi",1,"Average"
"Friends Shawarma","India","New Delhi",1,"Good"
"Nagpal's","India","New Delhi",1,"Good"
"Frosty Rollies","India","New Delhi",1,"Very Good"
"The Munchkart Cafe","India","Noida",1,"Good"
"McDonald's","India","Noida",2,"Good"
"La-Cuisine","India","Noida",2,"Average"
"Divine Curries","India","Noida",2,"Average"
"Mogambo Khush Hua","India","New Delhi",1,"Good"
"The Claridges Garden -The Claridges","India","New Delhi",4,"Average"
"Red Chilli","India","Patna",2,"Good"
"Sagar Bar-Be Que","India","New Delhi",2,"Average"
"DIOS The Neighbourhood Bistro","India","Noida",3,"Very Good"
"Food Bell","India","Noida",1,"Average"
"Otik Hotshop","India","Noida",2,"Average"
"Dakshin South Indian Hut","India","New Delhi",1,"Average"
"Asia Central","India","New Delhi",3,"Very Good"
"Kings Kulfi","India","New Delhi",1,"Average"
"The Chef","India","Noida",2,"Average"
"The Indian Grill Restaurant","India","New Delhi",2,"Average"
"Sehyog Alpahar","India","New Delhi",1,"Average"
"Alvi's Food Spot","India","New Delhi",1,"Average"
"Subway","India","Noida",2,"Good"
"Aayana Foods","India","New Delhi",1,"Average"
"Chowranghee","India","New Delhi",1,"Average"
"#OFF Campus","India","New Delhi",2,"Good"
"Brown Town","India","Noida",1,"Average"
"Pipeline Cafe","India","New Delhi",2,"Very Good"
"Havemore","India","New Delhi",3,"Very Good"
"Arriba - Mexican Grill & Tequileria","India","New Delhi",4,"Very Good"
"Shree Durga Dosa","India","New Delhi",1,"Average"
"Bistro 37","India","Noida",1,"Very Good"
"Neelma Punjabi Dhaba","India","New Delhi",1,"Average"
"Hum Sabki Rasoi","India","New Delhi",1,"Average"
"McDonald's","India","New Delhi",2,"Average"
"The Choco Shop","India","Noida",2,"Average"
"Domino's Pizza","India","New Delhi",2,"Average"
"Sunil Momos.Com","India","New Delhi",1,"Average"
"Pizza Hut","India","Noida",3,"Average"
"Pan Asian - Sheraton New Delhi Hotel","India","New Delhi",4,"Very Good"
"Deep Sweet Corner","India","New Delhi",1,"Average"
"Machan - The Taj Mahal Hotel","India","New Delhi",4,"Good"
"Southy","India","New Delhi",1,"Average"
"Shree Rathnam","India","New Delhi",2,"Good"
"Shree Balaji Shudh Vaishno Hotel","India","Noida",1,"Average"
"Taste Drive","India","New Delhi",1,"Average"
"Shahenshah","India","Noida",2,"Average"
"Mithaas","India","Noida",2,"Average"
"Snack Junction","India","New Delhi",1,"Average"
"Punjabi Pakwaan","India","Noida",2,"Average"
"Hasty Tasty","India","New Delhi",1,"Average"
"Dezertfox","India","New Delhi",2,"Good"
"Sinciti","India","New Delhi",3,"Very Good"
"Zooby's Kitchen","India","New Delhi",2,"Average"
"3 Pegs Down","India","New Delhi",3,"Good"
"Aggarwal Sweet Center","India","New Delhi",1,"Average"
"Sri Basant Vihar","India","Patna",2,"Good"
"Pizza Hut","India","Surat",3,"Very Good"
"The Grill Room - The Taj Mahal Hotel","India","New Delhi",4,"Average"
"Craving","India","New Delhi",2,"Average"
"Yamu's Panchayat","India","Noida",1,"Average"
"Foodie","India","Noida",2,"Average"
"Kaveri Restaurant And Caterers","India","Ranchi",1,"Average"
"Giani's","India","New Delhi",1,"Average"
"Nite Bites","India","Noida",2,"Average"
"Sushiya Express","India","New Delhi",2,"Good"
"Baljeet's Amritsari Koolcha","India","New Delhi",1,"Average"
"Ming Garden","India","Varanasi",3,"Good"
"Domino's Pizza","India","New Delhi",2,"Average"
"Talab South Indian Restaurant","India","New Delhi",1,"Average"
"Crazy Delights","India","New Delhi",1,"Good"
"Yours Deliciously","India","Noida",1,"Average"
"Tibb's Frankie","India","New Delhi",1,"Average"
"Bikano Chat Cafe","India","New Delhi",2,"Average"
"Chaayos","India","New Delhi",1,"Average"
"Delhi Biryani Hut","India","Noida",1,"Average"
"Aggarwal Restaurant","India","New Delhi",1,"Average"
"Ram Singh Chaat Bhandaar","India","New Delhi",1,"Average"
"Cafe Coffee Day","India","Noida",1,"Average"
"Yes Bosz Food Plaza","India","Noida",1,"Average"
"Walia's Dawat Mahal","India","New Delhi",2,"Average"
"Tandoor Villa","India","Varanasi",3,"Good"
"Sevilla - The Claridges","India","New Delhi",4,"Very Good"
"Fresh Food Factory","India","Noida",1,"Good"
"Lawn Bistro","India","Noida",3,"Good"
"Sethi's The Cake Shop","India","New Delhi",1,"Average"
"Coffee Culture - The Ristorante Lounge","India","Surat",2,"Very Good"
"The Hunger Cure","India","Noida",2,"Average"
"Haldiram's","India","New Delhi",2,"Good"
"Haaochi","India","Noida",2,"Good"
"World of Wok","India","New Delhi",2,"Good"
"Princess Garden","India","New Delhi",3,"Average"
"Open Kitchen","India","Noida",2,"Average"
"Bikkgane Biryani","India","Noida",2,"Good"
"GBar - The Grand New Delhi","India","New Delhi",4,"Average"
"Radhika Sweets","India","New Delhi",1,"Average"
"Binge Restaurant","India","Noida",3,"Average"
"Go! Biryani","India","Noida",2,"Good"
"Andaaz E Paranthas","India","Noida",2,"Average"
"Cake n Flower","India","Noida",1,"Average"
"Mei Kun - The Leela Ambience Convention Hotel","India","New Delhi",4,"Good"
"RollsKing","India","Noida",1,"Average"
"Al Bake","India","Noida",1,"Good"
"Salato Salad Studio","India","Noida",2,"Very Good"
"Moti Mahal Delux Tandoori Trail","India","Noida",3,"Average"
"Bombay Bhelpuri","India","New Delhi",1,"Good"
"Captain Curry","India","Noida",1,"Good"
"Gyan Di Hatti","India","New Delhi",1,"Average"
"TGI Friday's","India","Noida",4,"Good"
"Mini Meals","India","New Delhi",1,"Average"
"Punjabi Angeethi","India","New Delhi",2,"Average"
"Frontier","India","New Delhi",1,"Average"
"Larry's China - Taj Vivanta","India","New Delhi",4,"Good"
"The Spice Route - The Imperial","India","New Delhi",4,"Very Good"
"Kenny Rogers Roasters","India","Noida",3,"Good"
"Burger King","India","Noida",2,"Average"
"Chaska","India","New Delhi",2,"Average"
"Sky Grill","India","Noida",2,"Average"
"Hwealthcafe","India","New Delhi",2,"Good"
"Blueline - The Promenade","India","Puducherry",4,"Good"
"LIT Ultrabar","India","Noida",3,"Good"
"South King Restaurant","India","Noida",1,"Average"
"Chicago Pizza","India","New Delhi",2,"Average"
"Shahi Food Corner","India","New Delhi",1,"Average"
"Chaayos","India","Noida",1,"Good"
"Waterfront - Radisson Blu","India","Ranchi",4,"Average"
"Prana","India","Ranchi",3,"Good"
"Cafe 44","India","Noida",2,"Average"
"Baby Dragon Bar & Restaurant","India","Noida",3,"Good"
"Snacks India","India","Noida",2,"Good"
"Cafe Festa","India","New Delhi",2,"Average"
"Mister Chai - Shangri-La's - Eros Hotel","India","New Delhi",4,"Very Good"
"Leonardo Italian Mediterranean Dining","India","Surat",3,"Very Good"
"Arora's Veg. Corner","India","New Delhi",1,"Average"
"Ane China","India","New Delhi",1,"Average"
"Enigma Lounge","India","New Delhi",2,"Average"
"Twomato Foods","India","Noida",1,"Average"
"Dhaba On Wheels","India","New Delhi",2,"Average"
"Gangaur Sweets","India","Noida",2,"Average"
"Jaiveer Naan & Chaap","India","New Delhi",1,"Average"
"Percolator Coffee House","India","Vizag",2,"Good"
"Cake Palace","India","New Delhi",1,"Good"
"Vanshika Indian, Chinese, & Parantha Corner","India","Noida",1,"Average"
"Mood 4 Food","India","Noida",1,"Average"
"Berco's","India","New Delhi",3,"Average"
"Cafe Red","India","New Delhi",3,"Good"
"2 Bros Kitchen","India","Noida",2,"Average"
"A Pizza House","India","New Delhi",2,"Average"
"Frequent Bakes","India","Noida",1,"Average"
"Oh Buoy","India","Noida",2,"Average"
"Elixir Health Cafí©","India","Noida",2,"Good"
"Domino's Pizza","India","New Delhi",2,"Average"
"Vijay Corner","India","New Delhi",1,"Average"
"Quality Cake Shop","India","New Delhi",1,"Average"
"Sanskriti Foods","India","Noida",2,"Average"
"Platefull","India","Noida",2,"Average"
"San Gimignano - The Imperial","India","New Delhi",4,"Good"
"Zaffran- Ikshita's Kitchen","India","Noida",1,"Average"
"Chaap Nation","India","New Delhi",1,"Average"
"Papa Veg Chinese Food","India","New Delhi",1,"Good"
"Old Tehrii Cafe & Lounge","India","Noida",3,"Average"
"Fresh and Fit Ghar Ka Khana","India","Noida",1,"Average"
"Baadshah","India","New Delhi",3,"Good"
"34, Chowringhee Lane","India","New Delhi",1,"Good"
"Vrinda's Food","India","New Delhi",2,"Average"
"Shree Rathnam","India","Noida",2,"Good"
"Bansi Vihar","India","Patna",1,"Average"
"Punjabi Angithi","India","New Delhi",1,"Average"
"Mainland China","India","Noida",3,"Good"
"Rasoi99","India","Noida",2,"Average"
"Doggy Style","India","Noida",2,"Average"
"Le Dupleix","India","Puducherry",4,"Good"
"Orient Express - Taj Palace Hotel","India","New Delhi",4,"Very Good"
"Barista","India","Noida",2,"Average"
"Barbeque Nation","India","Vizag",4,"Excellent"
"Eleven Course","India","New Delhi",3,"Very Good"
"Uptown Cafe","India","New Delhi",3,"Good"
"English Tadka","India","New Delhi",2,"Average"
"Andrea's Eatery","India","New Delhi",4,"Very Good"
"High On Burgers","India","New Delhi",1,"Good"
"Kake Da Hotel","India","New Delhi",2,"Good"
"Subway","India","New Delhi",2,"Good"
"Everest Kitchen","India","New Delhi",2,"Average"
"Wasim Biryani Center","India","Noida",1,"Average"
"Chowmein Hut","India","New Delhi",1,"Average"
"The Smoothie Bar","India","Puducherry",2,"Good"
"Rainbows","India","New Delhi",2,"Average"
"Meal A Deal","India","New Delhi",1,"Average"
"JSB Evergreen Snack & Sweets","India","Noida",1,"Average"
"Sampan - The Suryaa New Delhi","India","New Delhi",4,"Good"
"Moti Mahal Delux Tandoori Trail","India","Ranchi",3,"Good"
"The Blue Tandoor","India","New Delhi",2,"Average"
"The Food Lab","India","Surat",3,"Good"
"Paharia Meat & Chicken Shop","India","New Delhi",1,"Average"
"Chicago Pizza","India","New Delhi",2,"Average"
"DomDom Biryani","India","New Delhi",2,"Good"
"Lumbini Food Point","India","Noida",1,"Average"
"RollsKing","India","Noida",1,"Good"
"Basil Tree","India","Noida",3,"Average"
"Elan - The Lodhi","India","New Delhi",4,"Good"
"Kitchen of Awadh","India","New Delhi",2,"Average"
"Club London","India","New Delhi",4,"Average"
"Twenty Four Seven","India","New Delhi",1,"Average"
"Giani","India","New Delhi",1,"Average"
"The Chaiwalas","India","Noida",1,"Average"
"Bimbos","India","New Delhi",1,"Average"
"Legacy of Awadh","India","Noida",2,"Average"
"Hype","India","New Delhi",4,"Good"
"Cafe Coffee Day","India","New Delhi",1,"Average"
"Chaayos","India","Noida",1,"Good"
"Republic of Chicken","India","Noida",1,"Average"
"Green Chick Chop","India","Noida",1,"Average"
"Samavar - The Ashok","India","New Delhi",4,"Average"
"French Crust - The Suryaa New Delhi","India","New Delhi",2,"Average"
"Cake Symphony","India","New Delhi",2,"Average"
"Open Oven","India","New Delhi",1,"Average"
"Kebab Xpress","India","Noida",2,"Average"
"The Golden Leaf","India","New Delhi",2,"Average"
"Laxmi Ice Cream Parlour","India","New Delhi",1,"Average"
"Galina Restaurant","India","New Delhi",2,"Good"
"K's Town","India","New Delhi",2,"Average"
"Kabir Kitchen","India","Vadodara",2,"Good"
"Bharat Sweet House","India","New Delhi",1,"Average"
"Green Chick Chop","India","New Delhi",1,"Average"
"New Tayal's Restaurant","India","New Delhi",1,"Average"
"Desi Swag","India","Noida",2,"Very Good"
"The Drunkyard Cafe","India","New Delhi",2,"Average"
"True Blue","India","New Delhi",2,"Average"
"Kerala Cafe","India","Varanasi",2,"Good"
"Pacific Asia","India","New Delhi",3,"Good"
"Palji Corner","India","New Delhi",1,"Average"
"Cafe Coffee Day","India","New Delhi",1,"Average"
"Chocopur","India","Noida",2,"Average"
"Bikku Bakes","India","New Delhi",1,"Good"
"Hinglish - Cafe Beach Bar","India","New Delhi",3,"Good"
"Chinese Food","India","New Delhi",1,"Average"
"Kalpak Restaurant & Cafe","India","Noida",3,"Very Good"
"Waffles and Crepes","India","Noida",1,"Good"
"D Cabana","India","Vizag",2,"Good"
"Kwality Pastry Parlour","India","New Delhi",1,"Good"
"Pizza Hut","India","Noida",3,"Average"
"Cafe Hera Pheri","India","New Delhi",2,"Good"
"Nawabi Mughlai Zaika","India","Noida",2,"Average"
"Ramchander Bhalushahi Wale","India","New Delhi",1,"Average"
"Pizza Hut","India","Ranchi",2,"Good"
"Shiv Bhojnalaya","India","New Delhi",1,"Average"
"Hira Sweets","India","New Delhi",1,"Average"
"Subway","India","New Delhi",2,"Average"
"Otik Cake Shop","India","Noida",1,"Good"
"Hira Sweets","India","Noida",2,"Average"
"Mandap - Hotel Express Towers","India","Vadodara",2,"Very Good"
"Gopala","India","New Delhi",1,"Average"
"Maa Bhagwati","India","New Delhi",1,"Good"
"Movenpick","India","New Delhi",2,"Very Good"
"Bhape Di Hatti","India","New Delhi",1,"Average"
"Pind Balluchi","India","Patna",3,"Average"
"Barista","India","Noida",2,"Average"
"Aura - The Claridges","India","New Delhi",4,"Good"
"Jungli Moon Dance Restaurant","India","Ranchi",2,"Average"
"Hotel Malabar","India","New Delhi",1,"Good"
"The Roll Van","India","Noida",2,"Average"
"Desi Street","India","New Delhi",1,"Average"
"Sugarama Patisserie","India","New Delhi",2,"Very Good"
"Ram Chinese Food","India","New Delhi",1,"Average"
"Cafe Coffee Day","India","New Delhi",1,"Good"
"Biryani By Kilo","India","Noida",2,"Very Good"
"Ichiban Hibachi Steakhouse & Sushi Bar","USA","Dubuque",3,"Good"
"Bourbon Street Grille","USA","Gainesville",2,"Good"
"Friends Grille and Bar","USA","Valdosta",2,"Good"
"Ceví_che Tapas Bar & Restaurant","USA","Orlando",3,"Very Good"
"Bandit Burrito","USA","Des Moines",1,"Very Good"
"Portneuf Valley Brewing","USA","Pocatello",2,"Good"
"The Fish House","USA","Pensacola",3,"Very Good"
"The Catch Seafood Room & Oyster Bar","USA","Albany",3,"Good"
"El Vaquero Mexican Restaurant","USA","Albany",1,"Average"
"Senor Iguanas","USA","Pocatello",1,"Good"
"Kahill's Steak-Fish Chophouse","USA","Sioux City",4,"Good"
"Taco Bus","USA","Tampa Bay",1,"Excellent"
"Burger Queen Drive In","USA","Lakeview",1,"Good"
"Guang Zhou Chinese Restaurant","USA","Albany",1,"Good"
"Viva! Argentine Cuisine","USA","Athens",1,"Very Good"
"Huey's On The River","USA","Savannah",3,"Very Good"
"Kimo's","USA","Rest of Hawaii",3,"Very Good"
"Masala Grill & Coffee House","USA","Waterloo",1,"Average"
"Rudy's Tacos","USA","Waterloo",2,"Good"
"Texas Roadhouse","USA","Waterloo",2,"Good"
"Red Mesa Restaurant","USA","Tampa Bay",3,"Excellent"
"Samurai Japanese Cuisine & Sushi Bar","USA","Columbus",3,"Good"
"Miles Inn","USA","Sioux City",1,"Good"
"Gazebo","USA","Rest of Hawaii",2,"Very Good"
"Longstreet Cafe","USA","Gainesville",1,"Very Good"
"The Tin Cow","USA","Pensacola",2,"Good"
"Five Guys Burgers and Fries","USA","Dalton",1,"Very Good"
"Austin's BBQ and Oyster Bar","USA","Albany",2,"Average"
"Cactus Flower Cafe Navarre","USA","Pensacola",2,"Very Good"
"HuHot Mongolian Grill","USA","Des Moines",2,"Very Good"
"Filling Station","USA","Dalton",1,"Very Good"
"Duck City Bistro","USA","Davenport",4,"Good"
"Earl of Sandwich","USA","Orlando",3,"Excellent"
"Galleria de Paco","USA","Waterloo",3,"Good"
"Hunan Palace","USA","Sioux City",2,"Good"
"Tako Cheena by Pom Pom","USA","Orlando",1,"Very Good"
"Fuji Bay Japanese Restaurant","USA","Sioux City",3,"Good"
"Bardenay","USA","Boise",2,"Excellent"
"The Lady & Sons","USA","Savannah",3,"Average"
"Giulios Greek & Italian Restaurant","USA","Valdosta",3,"Good"
"B. Matthew's Eatery","USA","Savannah",2,"Very Good"
"Henry Campbell's Steakhouse","USA","Albany",4,"Good"
"Greek Corner Deli","USA","Macon",1,"Very Good"
"Natalia's","USA","Macon",4,"Very Good"
"Zen Japanese Steakhouse and Sushi Bar","USA","Macon",3,"Very Good"
"Jim's Burgers","USA","Sioux City",1,"Good"
"Harvest Moon","USA","Albany",2,"Good"
"L. May Eatery","USA","Dubuque",3,"Good"
"Manna Java World Cafe","USA","Dubuque",1,"Good"
"China Cafe","USA","Davenport",2,"Very Good"
"Woodfire Grille","USA","Dubuque",4,"Good"
"The Bridge","USA","Pocatello",3,"Good"
"La Jalisco Supermercato","USA","Valdosta",1,"Good"
"Boise Fry Company","USA","Boise",1,"Very Good"
"Red Mesa Cantina","USA","Tampa Bay",2,"Excellent"
"Mulligan's Brick Oven Grill","USA","Waterloo",2,"Good"
"The Thai Bowl","USA","Waterloo",1,"Good"
"Daily Eats","USA","Tampa Bay",2,"Very Good"
"Goody's Deli","USA","Pocatello",1,"Good"
"Taste of India","USA","Cedar Rapids/Iowa City",2,"Very Good"
"Carrabba's Italian Grill","USA","Pensacola",3,"Good"
"Pho Bac","USA","Augusta",1,"Very Good"
"Tony Roma's","USA","Dubuque",2,"Average"
"Thai Moon Restaurant","USA","Cedar Rapids/Iowa City",1,"Very Good"
"Antebellum","USA","Gainesville",3,"Very Good"
"The Screaming Eagle","USA","Waterloo",1,"Good"
"Shenanigan's Irish Pub","USA","Gainesville",2,"Very Good"
"Burnt Toast Cafe","USA","Dubuque",1,"Average"
"Flatbread Neapolitan Pizzeria","USA","Boise",2,"Excellent"
"Thai Pepper","USA","Macon",1,"Very Good"
"Bonefish Grill","USA","Macon",3,"Very Good"
"Hunter's Pub","USA","Columbus",3,"Very Good"
"Farm To Fork","USA","Dalton",1,"Very Good"
"Ella's Americana Folk Art Cafe","USA","Tampa Bay",3,"Excellent"
"Johnnie Mars","USA","Sioux City",1,"Good"
"Flying Mango","USA","Des Moines",3,"Excellent"
"Pepper Sprout Incorporated","USA","Dubuque",3,"Good"
"Las Palmas","USA","Dalton",1,"Good"
"Catfish Charlie's","USA","Dubuque",2,"Average"
"Tokyo Japanese Steak House","USA","Waterloo",2,"Good"
"Happy Joe's Pizza & Ice Cream","USA","Dubuque",1,"Good"
"Kobe Hibachi & Sushi","USA","Dalton",2,"Excellent"
"The Taj of India","USA","Augusta",2,"Very Good"
"Pirates' House Restaurant","USA","Savannah",3,"Good"
"Conch Republic Grill","USA","Tampa Bay",3,"Excellent"
"Tsing Tsao South","USA","Des Moines",1,"Very Good"
"Olive Tree Cafe","USA","Davenport",2,"Excellent"
"SOHO Sushi Bar & Deli","USA","Waterloo",2,"Good"
"Corkscrew Cafe","USA","Gainesville",3,"Good"
"BellaBrava","USA","Tampa Bay",2,"Very Good"
"Downtown Grill","USA","Macon",4,"Very Good"
"Cafí© Tu Tu Tango","USA","Orlando",3,"Excellent"
"Mikata Japanese Steakhouse","USA","Albany",3,"Good"
"DePalma's Italian Cafe - East Side","USA","Athens",2,"Very Good"
"Wailana Coffee House","USA","Rest of Hawaii",2,"Very Good"
"Machine Shed Restaurant","USA","Davenport",2,"Very Good"
"Re-Cess","USA","Gainesville",2,"Very Good"
"Ingleside Village Pizza","USA","Macon",1,"Excellent"
"Tybee Island Social Club","USA","Savannah",1,"Good"
"Miyabi Kyoto Japanese Steak House","USA","Augusta",3,"Excellent"
"Irish Democrat","USA","Cedar Rapids/Iowa City",2,"Very Good"
"New Yorker Deli & Pizzeria","USA","Pensacola",1,"Excellent"
"Cafe Le Rue @ The Landings","USA","Columbus",2,"Excellent"
"Fisherman's Corner","USA","Pensacola",3,"Very Good"
"Prairie Grille at SteepleGate Inn","USA","Davenport",2,"Average"
"Monterrey Mexican Restaurant","USA","Sioux City",1,"Good"
"Eat at Thai","USA","Gainesville",1,"Excellent"
"El Jalisciense Mexican Restaurant","USA","Macon",1,"Very Good"
"The Chop House","USA","Augusta",3,"Very Good"
"Moon River Brewing Company","USA","Savannah",2,"Good"
"Champps Americana","USA","Dubuque",2,"Good"
"Tu-Do Vietnamese Restaurant","USA","Pensacola",1,"Excellent"
"Chang Garden","USA","Pocatello",1,"Good"
"The Hamburg Inn No. 2 Inc.","USA","Cedar Rapids/Iowa City",1,"Excellent"
"SOHO South Cafe","USA","Savannah",2,"Very Good"
"Bodensee","USA","Gainesville",3,"Good"
"3 Squares Diner","USA","Albany",1,"Average"
"Shogun Japanese Steak House","USA","Albany",3,"Good"
"Bar Gernika Basque Pub & Eatery","USA","Boise",1,"Very Good"
"Hollerbach's Willow Tree Cafí©","USA","Orlando",3,"Excellent"
"Sakura Sushi & Grill","USA","Cochrane",2,"Average"
"Marukame Udon","USA","Rest of Hawaii",1,"Excellent"
"Jimmy Jack's Rib Shack","USA","Cedar Rapids/Iowa City",2,"Very Good"
"Hawkers Asian Street Fare","USA","Orlando",3,"Excellent"
"Oakwood Cafe","USA","Dalton",1,"Excellent"
"Jim Shaw's Seafood Grill & Bar","USA","Macon",2,"Excellent"
"Houlihan's","USA","Dubuque",2,"Good"
"Roy's","USA","Rest of Hawaii",4,"Very Good"
"Vic's On The River","USA","Savannah",4,"Very Good"
"The Ravenous Pig","USA","Orlando",3,"Very Good"
"Los Pablos","USA","Dalton",1,"Very Good"
"Guido's Original New York Style Pizza","USA","Boise",1,"Very Good"
"Da Kao Restaurant","USA","Sioux City",1,"Good"
"The Refinery","USA","Tampa Bay",3,"Very Good"
"Watershed Cafe","USA","Dubuque",2,"Good"
"Famous Dave's","USA","Sioux City",1,"Good"
"Hula Grill","USA","Rest of Hawaii",3,"Very Good"
"The Black Cow","USA","Columbus",2,"Very Good"
"Mario's Italian Restaurant","USA","Dubuque",2,"Good"
"Salsa's Mexican Restaurant","USA","Dubuque",1,"Average"
"Sconyers Bar B Que","USA","Augusta",2,"Good"
"Chick-fil-A","USA","Davenport",1,"Good"
"Rupes Burgers","USA","Pocatello",1,"Good"
"Sushi Family","USA","Pocatello",2,"Good"
"Trattoria Tiramisu","USA","Davenport",2,"Very Good"
"Biaggi's Ristorante Italiano","USA","Cedar Rapids/Iowa City",3,"Very Good"
"Taqueria Del Sol","USA","Athens",1,"Very Good"
"Chapala","USA","Waterloo",2,"Good"
"Uptown Vietnam cuisine","USA","Columbus",1,"Average"
"Ethos Vegan Kitchen","USA","Orlando",2,"Very Good"
"The Artesian Restaurant","USA","Ojo Caliente",3,"Good"
"Royal Hotel","USA","Pocatello",1,"Good"
"Bern's Steak House","USA","Tampa Bay",4,"Excellent"
"Court Avenue Brewing Company","USA","Des Moines",3,"Very Good"
"Mellow Mushroom","USA","Columbus",2,"Very Good"
"Four Queens Dairy Cream","USA","Waterloo",1,"Good"
"Goose Feathers Cafe and Bakery","USA","Savannah",1,"Very Good"
"Tuscan Oven","USA","Pensacola",2,"Very Good"
"Tibby's New Orleans Kitchen","USA","Orlando",2,"Excellent"
"Hillstone","USA","Orlando",3,"Very Good"
"Mellow Mushroom","USA","Augusta",2,"Very Good"
"Waterfront Seafood Market","USA","Des Moines",3,"Very Good"
"Milwaukee Wiener House","USA","Sioux City",1,"Good"
"Mandarin Chinese Restaurant","USA","Macon",2,"Excellent"
"The Moon Under Water","USA","Tampa Bay",2,"Very Good"
"Bailey's Bar-B-Que","USA","Dalton",1,"Very Good"
"The Royal Peasant","USA","Athens",1,"Very Good"
"Manuel's Bread Cafe","USA","Augusta",3,"Good"
"Seasons 52 Fresh Grill","USA","Orlando",4,"Very Good"
"Blue Point Grill","USA","Princeton",4,"Very Good"
"Benson's Steak and Sushi","USA","Macon",2,"Good"
"Mama's Fish House","USA","Rest of Hawaii",4,"Excellent"
"Sushi Thai Restaurant","USA","Macon",1,"Good"
"Fifth Street Bagelry","USA","Pocatello",1,"Good"
"HI Lite Bar & Lounge","USA","Miller",1,"Average"
"Datz","USA","Tampa Bay",3,"Excellent"
"Five & Ten","USA","Athens",3,"Very Good"
"Last Resort Grill","USA","Athens",3,"Excellent"
"Mr. Dunderbak's Biergarten and Marketplatz","USA","Tampa Bay",3,"Excellent"
"Thai Paradise","USA","Pocatello",2,"Good"
"Moonie's Texas Barbecue","USA","Gainesville",1,"Very Good"
"Longhorn Steakhouse","USA","Albany",2,"Good"
"Shot Tower Inn","USA","Dubuque",2,"Good"
"Hemingway's Island Grill","USA","Pensacola",3,"Good"
"Green Truck Pub","USA","Savannah",3,"Excellent"
"Country's Barbecue","USA","Columbus",2,"Very Good"
"Bubba Jax Crab Shack","USA","Valdosta",3,"Good"
"Winifreds","USA","Cedar Rapids/Iowa City",3,"Good"
"Coconuts Fish Cafe","USA","Rest of Hawaii",3,"Excellent"
"Boll Weevil Cafe","USA","Augusta",1,"Good"
"Tucanos","USA","Boise",3,"Very Good"
"Tursi's Latin King","USA","Des Moines",4,"Very Good"
"Osaka","USA","Davenport",3,"Very Good"
"Christian and Jake's Bistro","USA","Dalton",1,"Very Good"
"Pom Pom's Teahouse and Sandwicheria","USA","Orlando",2,"Excellent"
"Goldy's Breakfast Bistro","USA","Boise",2,"Excellent"
"Burt's Butcher Shoppe and Eatery","USA","Columbus",2,"Very Good"
"Rebos","USA","Sioux City",2,"Good"
"Jaco's Bayfront Bar and Grille","USA","Pensacola",2,"Good"
"Emilio's Cuban Cafe","USA","Macon",2,"Good"
"Bahama Breeze Island Grille","USA","Orlando",3,"Very Good"
"Wasabi Sushi and Thai","USA","Columbus",3,"Good"
"Deorio's","USA","Columbus",1,"Very Good"
"Thatcher's Barbeque and Grill","USA","Dalton",2,"Good"
"Montage","USA","Waterloo",3,"Good"
"Granite City Food & Brewery","USA","Davenport",2,"Very Good"
"Lucianos Italian Restaurant","USA","Boise",2,"Very Good"
"Monkeypod Kitchen by Merriman","USA","Rest of Hawaii",3,"Very Good"
"Graze","USA","Cedar Rapids/Iowa City",3,"Good"
"Houndstooth Grill & Tavern","USA","Gainesville",2,"Very Good"
"Barrett Junction Cafe","USA","Potrero",2,"Average"
"Grit","USA","Athens",1,"Very Good"
"Mai Thai Restaurant","USA","Boise",3,"Very Good"
"Bleu Cafe","USA","Valdosta",2,"Good"
"Ruth Ann's Family Restaurant","USA","Columbus",1,"Good"
"Hoka-Hoka Japanese Steak & Sushi","USA","Gainesville",1,"Very Good"
"Trappeze Pub","USA","Athens",2,"Very Good"
"Atlas World Grill","USA","Cedar Rapids/Iowa City",3,"Very Good"
"Chili's Grill & Bar","USA","Dalton",2,"Good"
"House of China Restaurant II","USA","Albany",1,"Good"
"Fuji Japanese Steak House","USA","Columbus",3,"Good"
"The Olde Pink House","USA","Savannah",4,"Very Good"
"Bosphorous Turkish Cuisine","USA","Orlando",3,"Very Good"
"Mori's Japanese Steakhouse & Sushi Bar","USA","Valdosta",4,"Good"
"Shige Japanese Cuisine","USA","Boise",2,"Very Good"
"Red Ginger Sushi, Grill & Bar","USA","Davenport",3,"Excellent"
"Mrs. Wilkes' Dining Room","USA","Savannah",3,"Excellent"
"Dub's High on the Hog","USA","Dalton",2,"Very Good"
"J's Homestyle Cooking","USA","Waterloo",1,"Good"
"Fishpatrick's Crabby Cafe","USA","Winchester Bay",2,"Average"
"Fish Tales Lakeside Grille","USA","Gainesville",2,"Good"
"Tantra Asian Bistro","USA","Davenport",2,"Excellent"
"Ceviche Tapas Bar & Restaurant","USA","Tampa Bay",2,"Very Good"
"Augsburg Haus","USA","Augusta",2,"Good"
"The Grill","USA","Athens",1,"Good"
"Monica's","USA","Cedar Rapids/Iowa City",2,"Good"
"Kihei Caffe","USA","Rest of Hawaii",1,"Excellent"
"The Grand Marlin","USA","Pensacola",3,"Very Good"
"Mom & Dad's Italian Restaurant","USA","Valdosta",2,"Good"
"J. Christopher's","USA","Savannah",2,"Very Good"
"Kalmes Breaktime Bar & Grill","USA","Dubuque",2,"Good"
"Edison: Food+Drink Lab","USA","Tampa Bay",4,"Good"
"Cool Basil","USA","Des Moines",2,"Very Good"
"Blue House Cafe","USA","Vernonia",1,"Very Good"
"Takosushi","USA","Augusta",3,"Very Good"
"Choo Choo Eastside","USA","Athens",1,"Good"
"Global Grill","USA","Pensacola",3,"Very Good"
"Sandpiper Restaurant & Lounge","USA","Pocatello",3,"Good"
"Mark's City Grille","USA","Columbus",2,"Excellent"
"Giuseppe's Pizza & Italian Specialities","USA","Augusta",2,"Very Good"
"Giovanni's Shrimp Truck","USA","Rest of Hawaii",2,"Excellent"
"Hofer's Bakery & Cafe","USA","Gainesville",1,"Good"
"BlackStone","USA","Cedar Rapids/Iowa City",2,"Very Good"
"La Dolce Vita Ristorante","USA","Athens",3,"Very Good"
"Crust Stone Oven Pizza","USA","Davenport",2,"Good"
"Soho Hibachi","USA","Dalton",1,"Very Good"
"Fuji Japanese Steakhouse","USA","Dalton",3,"Good"
"Home Plate Grill","USA","Dalton",1,"Very Good"
"Smok'n Pig B-B-Q","USA","Valdosta",2,"Very Good"
"The Cafe","USA","Des Moines",2,"Excellent"
"Lulu's Waikiki","USA","Rest of Hawaii",2,"Good"
"My Fathers Place","USA","Macon",2,"Good"
"Cannon Brewpub","USA","Columbus",2,"Good"
"The Bee's Knees","USA","Augusta",2,"Excellent"
"El Super Burrito","USA","Cedar Rapids/Iowa City",1,"Very Good"
"Blue Orchid Thai Restaurant","USA","Lincoln",2,"Excellent"
"Grecian Key Restaurant","USA","Pocatello",2,"Good"
"Eggs 'n Things","USA","Rest of Hawaii",1,"Very Good"
"Texas Roadhouse","USA","Boise",2,"Very Good"
"Salt Rock Grill","USA","Tampa Bay",3,"Very Good"
"Miyabi 9","USA","Des Moines",2,"Excellent"
"Front Street Brewery","USA","Davenport",1,"Very Good"
"Fong's Pizza","USA","Des Moines",2,"Excellent"
"Vinny Vanucchi's","USA","Dubuque",2,"Average"
"El Toreo Mexican Restaurant","USA","Valdosta",2,"Average"
"Brown Bottle The Cedar Falls","USA","Waterloo",2,"Good"
"Nacho Mamas Burritos","USA","Augusta",1,"Very Good"
"Zunzi's","USA","Savannah",2,"Excellent"
"The Machine Shed Restaurant","USA","Des Moines",2,"Good"
"Texas Roadhouse","USA","Pocatello",3,"Good"
"Shorts Burger and Shine","USA","Cedar Rapids/Iowa City",1,"Excellent"
"Peg Leg Pete's","USA","Pensacola",3,"Very Good"
"Hawg Wild BBQ & Catfish House","USA","Gainesville",1,"Very Good"
"Big City Bread Cafe","USA","Athens",1,"Very Good"
"Villa Gargano","USA","Albany",1,"Good"
"Sakura","USA","Waterloo",3,"Good"
"Scratch","USA","Waterloo",1,"Good"
"Southern Bliss Bakery","USA","Dalton",1,"Good"
"Berry Patch Restaurant","USA","Clatskanie",1,"Very Good"
"HuHot Mongolian Grill","USA","Waterloo",2,"Good"
"Minerva's Food & Cocktails","USA","Sioux City",3,"Good"
"Los Agaves","USA","Davenport",2,"Very Good"
"Outer Limits Fun Zone","USA","Pocatello",1,"Good"
"Devotay","USA","Cedar Rapids/Iowa City",3,"Very Good"
"Bluebird Diner","USA","Cedar Rapids/Iowa City",2,"Good"
"Exotic India","USA","Cedar Rapids/Iowa City",2,"Very Good"
"Zoeys Pizzeria","USA","Cedar Rapids/Iowa City",2,"Excellent"
"Pearly's Famous Country Cookng","USA","Albany",1,"Average"
"Azteca","USA","Davenport",1,"Very Good"
"Austins Cattle Co","USA","Valdosta",3,"Good"
"Barbacoa Restaurant","USA","Boise",4,"Very Good"
"Bittercreek Ale House","USA","Boise",2,"Very Good"
"Vince's Restaurant & Pizzeria","USA","Monroe",2,"Good"
"Native Cafe","USA","Pensacola",2,"Very Good"
"Los Beto's","USA","Boise",1,"Very Good"
"Sierra's Mexican Restaurant","USA","Dalton",1,"Good"
"Transmetropolitan","USA","Athens",1,"Very Good"
"Texas Roadhouse","USA","Davenport",2,"Very Good"
"The Coop","USA","Orlando",2,"Good"
"El Kiosco Mexican Restaurant","USA","Augusta",1,"Very Good"
"El Cazador","USA","Valdosta",1,"Good"
"Theo Yianni's Authentic Greek Restaurant","USA","Weirton",2,"Good"
"Granite City Food & Brewery","USA","Cedar Rapids/Iowa City",3,"Very Good"
"Brick 29","USA","Boise",3,"Very Good"
"Buddy's Italian Restaurant","USA","Pocatello",3,"Good"
"Original Georgios Authentic Greek Food","USA","Pensacola",1,"Excellent"
"Jerry's Pizza","USA","Sioux City",2,"Good"
"Archie's Waeside","USA","Sioux City",3,"Good"
"Flounders Chowder House","USA","Pensacola",3,"Good"
"Smoke House BBQ and Catering","USA","Gainesville",2,"Good"
"Jethro's BBQ","USA","Des Moines",2,"Very Good"
"Mazzaro's Italian Market","USA","Tampa Bay",1,"Excellent"
"HuHot Mongolian Grill","USA","Sioux City",2,"Good"
"El Fredo Pizza","USA","Sioux City",3,"Very Good"
"El Herradero","USA","Pocatello",1,"Very Good"
"Zombie Burger + Drink Lab","USA","Des Moines",1,"Very Good"
"Atlanta Highway Seafood Market","USA","Gainesville",2,"Excellent"
"Diamond Thai Cuisine","USA","Sioux City",1,"Very Good"
"Star Noodle","USA","Rest of Hawaii",1,"Excellent"
"A Dong Restaurant","USA","Des Moines",1,"Very Good"
"Trattoria Fresco","USA","Sioux City",2,"Very Good"
"Chef Lee's Peking Restaurant","USA","Columbus",2,"Very Good"
"Chandlers Steakhouse","USA","Boise",4,"Good"
"Rocks on the River","USA","Savannah",4,"Very Good"
"Riverwalk Cafe","USA","Pocatello",1,"Good"
"Boca Kitchen Bar Market","USA","Tampa Bay",3,"Good"
"Ceviche Tapas Bar & Restaurant","USA","Tampa Bay",2,"Very Good"
"Golden China","USA","Waterloo",1,"Good"
"Rodeo Mexican Restaurant","USA","Valdosta",2,"Good"
"Cookie Shoppe","USA","Albany",1,"Average"
"Rumba Island Bar & Grill","USA","Tampa Bay",2,"Excellent"
"Bleu Pub","USA","Valdosta",1,"Good"
"Django","USA","Des Moines",3,"Very Good"
"Chick-fil-A","USA","Albany",1,"Good"
"Rhinehart's Oyster Bar","USA","Augusta",2,"Very Good"
"Cactus Flower Cafe","USA","Pensacola",2,"Very Good"
"Rookery","USA","Macon",2,"Excellent"
"Clocked","USA","Athens",1,"Very Good"
"A & A Pagliai's Pizza","USA","Cedar Rapids/Iowa City",2,"Very Good"
"Butterburrs","USA","Pocatello",3,"Good"
"Buffalo Wild Wings","USA","Valdosta",2,"Average"
"Flying Pie Pizzaria","USA","Boise",2,"Very Good"
"Steel Magnolias","USA","Valdosta",3,"Good"
"Passage 2 India","USA","Valdosta",2,"Good"
"Maggiano's Little Italy","USA","Orlando",4,"Very Good"
"Crystal Beer Parlor","USA","Savannah",2,"Very Good"
"Mongo The Mongolian Fire Pit","USA","Columbus",1,"Very Good"
"Tokyo Japanese Steakhouse & Sushi Bar","USA","Sioux City",3,"Good"
"Malo","USA","Des Moines",2,"Average"
"Tony's Italian Restaurant & Pizza","USA","Dalton",2,"Good"
"Ichiban","USA","Pensacola",2,"Very Good"
"Frog Hollow Tavern","USA","Augusta",3,"Very Good"
"Yellow Dog Eats","USA","Orlando",3,"Excellent"
"Fork","USA","Boise",2,"Very Good"
"Mama's Boy Restaurant","USA","Athens",1,"Excellent"
"Greek Village","USA","Macon",2,"Very Good"
"Jimmie's Hot Dogs","USA","Albany",1,"Good"
"B Merrell's","USA","Columbus",2,"Good"
"306 North Restaurant","USA","Valdosta",3,"Good"
"Taste of India Nepal","USA","Pocatello",2,"Good"
"Big Jud's","USA","Boise",1,"Very Good"
"Henry's","USA","Savannah",1,"Very Good"
"Raglan Road Irish Pub and Restaurant","USA","Orlando",4,"Very Good"
"Beijing Cafe","USA","Valdosta",3,"Good"
"Ike & Jane","USA","Athens",1,"Very Good"
"Hong Kong Chinese Restaurant","USA","Waterloo",1,"Good"
"'Ohana","USA","Orlando",3,"Excellent"
"Elements Coffee Co - Northwest","USA","Albany",1,"Average"
"Dharma Blue","USA","Pensacola",3,"Very Good"
"Lulu's Chocolate Bar","USA","Savannah",1,"Very Good"
"Ting's Red Lantern","USA","Cedar Rapids/Iowa City",1,"Very Good"
"2 Dog","USA","Gainesville",2,"Very Good"
"The National","USA","Athens",3,"Very Good"
"Rhinehart's Oyster Bar","USA","Augusta",2,"Very Good"
"BJ's Country Buffet","USA","Albany",1,"Average"
"Smokin Gold BBQ","USA","Gainesville",1,"Good"
"Centro","USA","Des Moines",3,"Excellent"
"Papouli's Mediterranean Cafe & Market","USA","Macon",1,"Very Good"
"Wood Stone","USA","Columbus",3,"Very Good"
"Cheddar's Scratch Kitchen","USA","Valdosta",2,"Good"
"Tony's La Pizzeria","USA","Waterloo",2,"Good"
"Yard House","USA","Rest of Hawaii",3,"Excellent"
"DePalma's Italian Cafe - Downtown","USA","Athens",2,"Very Good"
"Buckhead Bar and Grill","USA","Columbus",3,"Very Good"
"The Nacoochee Village Tavern & Pizzeria","USA","Gainesville",1,"Very Good"
"Leonard's Bakery","USA","Rest of Hawaii",1,"Excellent"
"Farmhaus Burger","USA","Augusta",2,"Good"
"Bob Roe's Pizza","USA","Sioux City",1,"Good"
"Hickory Park","USA","Des Moines",2,"Excellent"
"The Crab Shack","USA","Savannah",3,"Good"
